1,1502883451,0,0,S8OpcmTDqXM=,TGXDrXLDoXNh,image,deleted
2,1502883451,0,0,bcOpZyBlZ3kga8OpcmTDqXM=,bcOpZyB2YWxhbWk=,image,deleted
3,1502883451,0,0,,,image,deleted
4,1502883451,0,0,aA==,,image,deleted
5,1502883451,0,0,,,image,deleted
6,1502883451,0,0,,Z2hqa2w=,image,deleted
7,1502883451,0,0,a2s=,,image,deleted
8,1502883451,1,0,ampqampqampqampqag==,aHVoaQ==,image
9,1502883451,2,0,bmtqaGhoaA==,ampr,image
10,1502883451,0,0,a2pr,amtqaw==,image,deleted
11,1502883451,2,0,amtqa2pramtoam0=,a2prYmJ2aGpoam0=,image,deleted
12,1502883451,0,0,,aG0=,image
